{"cameraMode":{"drawMode":0,"name":"Shaded","section":"Shading Mode"},"sceneLighting":true,"audioPlay":false,"sceneViewState":{"m_AlwaysRefresh":false,"showFog":true,"showSkybox":true,"showFlares":true,"showImageEffects":true,"showParticleSystems":true,"showVisualEffectGraphs":true,"m_FxEnabled":true},"in2DMode":false,"pivot":{"x":1.5182794332504273,"y":2.913774013519287,"z":-0.6262529492378235},"rotation":{"x":-0.10056767612695694,"y":0.3949294090270996,"z":-0.043542180210351947,"w":-0.9121522307395935},"size":1.0908482074737549,"orthographic":false}